Mr,Arnold,Williamson,Williamson Sporting Goods Ltd
Mr,Darryl,Sylvester,Sylvester Beverages Ltd
Mr,Steven,Dewit,Dewit Skips Ltd
Mr,Alexander,Travis,Travis Health Products Ltd
Mr,Robert,Cromwell,Cromwell Beverages Ltd
Mr,Jerry,Norton,Norton Entertainment Ltd
Mr,Dennis,Collier,Collier Pet Supplies Ltd
Mr,Oliver,Dawson,Dawson Party Supplies Ltd
Mr,James,Ackroyd,Ackroyd Entertainment Ltd
Mr,Peter,Santini,Santini Express Ltd
Mr,Craig,Tasker,Tasker Double Glazing Ltd
Mr,Ian,Sandler,Super Florists Ltd
Mr,Ivan,Dooley,Silver Cleaning Products Ltd
Mr,Robert,Hobbs,Hobbs Printing Ltd
Mr,Jamie,Hallworth,Hallworth Disposal Ltd
Mr,Harry,Carter,Carter Fitness Products Ltd
Mr,Hugh,Tattershall,Tattershall Networks Ltd
Mr,Joseph,Doherty,Doherty Meat Packaging Ltd
Mr,Clifford,Simmons,Simmons Business Services Ltd
Mr,Glen,Moore,Moore Plant Hire Ltd
Mr,Julian,Alexander,North View Exhibitions Ltd
Mr,Aaron,Moore,Moore Worktops Ltd
Mr,Arnold,Rimshaw,Rimshaw Health Products Ltd
Mr,Steven,Kendrick,Kendrick Beauty Treatments Ltd
Mr,Brendan,Knowles,Citywide Supplements Ltd
mr sadada
mr ganesh
Mrs,Michelle,O'Neill,O'Neill Machinery Ltd
Mrs,Xaria,Eckard,Eckard Cosmetics Ltd
Mrs,Melissa,Tattershall,Tattershall Party Supplies Ltd
Mrs,Janice,Saddleworth,Saddleworth Refrigeration Ltd
Mrs,Anthea,Timpkins,Timpkins Tractors Ltd
Mrs,Rose,Simmons,West View Marketing Ltd
Mrs,Fiona,Saddlemore,Saddlemore Camping Supplies Ltd
Mrs,Paula,McDonald,North View Memorabilia Ltd
Mrs,Santhiya,vellore,kandababu
Mrs,pavan,dhandu
Ms,Patricia,Icke,Icke Computing Ltd
Ms,Zelda,Samuel,Samuel Cosmetics Ltd
Ms,Zelda,Kingfisher,Kingfisher Accountancy Services Ltd
Ms,Rachel,Greenwood,Greenwood Coverings Ltd
Ms,Christine,Oakley,Oakley Skips Ltd
Ms,Sally,Talisman,Talisman Security Ltd
Ms,Anna,Page,Page Cycles Ltd
Ms,Kimberley,Addler,Addler Recycling Ltd
Miss,Jane,Sutton,Sutton Logistics Ltd
Miss,Melinda,Duke,Duke Scaffolding Ltd
Miss,Isabelle,Bishop,North Point Security Ltd
Miss,Hilary,Powell,Powell Florists Ltd
Miss,Lydia,Jennings,Jennings Crafts Ltd
Miss,Isabelle,Pinter,Pinter Tiles Ltd
Miss,Cynthia,Rathbone,Rathbone Cleaners Ltd
Miss,Hannah,Newbry,Newbry Worktops Ltd
Miss,Tammy,Saunders,Saunders Training Ltd
Miss,Tabusri,Dhandu,ganesh
